,symbol,monthlyFlip,monthlyLastFlip,quarterlyFlip,quarterlyLastFlip,yearlyFlip,yearlyLastFlip
0,^GSPC,2,4,2,7,2,7
1,GOOGL,0,1,1,6,1,6
2,ASTS,0,1,0,1,0,1
3,IREN,0,1,0,1,0,1
4,MU,1,3,0,1,0,1
5,RKLB,0,1,1,6,1,6
6,INTC,2,4,0,1,0,1
7,NVDA,1,3,3,8,3,8
8,MSFT,0,1,0,1,0,1
9,AAPL,2,3,3,8,3,8
10,AMZN,0,1,1,5,1,5
11,META,0,1,2,6,2,6
12,TSLA,0,1,0,1,0,1
13,BABA,0,1,1,2,1,2
14,BIDU,0,1,2,6,2,6
15,JD,0,1,2,4,2,4
16,ADBE,0,1,0,1,0,1
17,NVO,0,1,1,5,1,5
18,MSTR,0,1,1,4,1,4
19,BTC-USD,0,1,1,3,1,3
20,ETH-USD,0,1,1,3,1,3
